name,slug,description,latitude,longitude,address,city,country,petfriendly,family_friendly,open_24hrs,free_entry,rating,url,admission_fee,opening_hours,quote,reviews,type,phone,souvenirs,uid,created_at,updated_at,is_active,price_range,categories,wifi,parking,accessibility,audience_range,tags,images,geog
Ķemeri National Park,kemeri-national-park,"Ķemeri National Park is a remarkable 38,165-hectare protected area established in 1997, representing one of Latvia's most biologically diverse territories where human activity has had minimal impact, creating an ideal sanctuary for numerous rare and protected plant and animal species recognized throughout Latvia and Europe. Located west of Jūrmala city, this park is renowned for its extraordinary wetland ecosystems, dominated by the magnificent Great Ķemeri Bog - one of the largest raised bogs in Latvia and a pristine peatland that has remained virtually untouched for thousands of years. The park's diverse landscape composition includes 57% forests, 24% bogs, 6% meadows, and 10% water bodies, creating a unique mosaic of habitats that support an incredible 25% of all protected plant species listed in Latvia's Red Book, including rare orchids, marsh spurge, yellow lady's slipper, and sweetgale. The internationally significant Lake Kaņieris serves as a designated Ramsar wetland site and stands as one of Latvia's premier birdwatching destinations, providing crucial nesting and feeding grounds for numerous species including white-tailed eagles, black storks, cranes, and the rare three-toed woodpecker. The park's therapeutic heritage dates back centuries, built around the famous natural sulfur springs and mineral-rich muds that led to the development of numerous resorts, spas, and sanitariums during the 19th century, establishing the area as a renowned health destination. Visitors can explore the park through well-designed boardwalk systems that traverse the pristine bog landscapes, offering intimate encounters with unique flora including carnivorous sundew plants, colorful sphagnum moss carpets, and ancient pine trees adapted to the harsh bog conditions. The park provides exceptional opportunities for nature photography, birdwatching, and peaceful contemplation while walking through some of Europe's last remaining pristine wetland ecosystems.",56.9167,23.4833,"Ķemeri National Park, Jūrmala Municipality, Latvia",Jūrmala,Latvia,false,true,true,true,4.4,https://www.latvia.travel/en/sight/kemeri-national-park,"Free entry to all park areas and boardwalk trails. No admission fees for bog walks, nature trails, or birdwatching towers. Parking is free at designated areas.",National park open 24 hours daily year-round. Main boardwalk and nature trails accessible during daylight hours. Visitor information centers operate seasonally May-October 9:00-18:00. Best visiting conditions during dry weather.,A pristine wetland paradise featuring Europe's largest bog boardwalk and exceptional biodiversity in ancient peatland ecosystems.,[],attraction,[],false,5195aea7-1c9a-4e62-907f-ba3cdd73a2d5,2025-07-20 13:19:45.670872+00,2025-07-20 13:19:45.670872+00,true,"[""free""]","[""parks-nature"",""wellness-relaxation""]","[""none""]","[""free""]","[""wheelchair-accessible""]","[""children"",""teenagers"",""adults"",""seniors"",""family-friendly""]","[""national-park"",""bog-trail"",""bird-watching"",""nature-center"",""scenic-viewpoint""]","[{""url"":""https://unsplash.com/photos/kemeri-bog-boardwalk-sunset"",""caption"":""The iconic boardwalk winding through the pristine Great Ķemeri Bog at golden hour""},{""url"":""https://pixabay.com/photos/bog-landscape-sphagnum-moss/"",""caption"":""Colorful sphagnum moss carpets and bog pools in the ancient peatland ecosystem""},{""url"":""https://pexels.com/photo/lake-kanieris-birdwatching-tower/"",""caption"":""Lake Kaņieris with its birdwatching tower, a premier destination for observing migratory birds""}]",0101000020E610000024287E8CB97B3740211FF46C56754C40
Slītere National Park,slitere-national-park,"Slītere National Park is Latvia's smallest but arguably most diverse national park, covering 265 square kilometers (including 101 square kilometers of Baltic Sea) along the spectacular western coast of the Courland Peninsula at Cape Kolka, where the Baltic Sea dramatically meets the Gulf of Riga. Established in 2000 and built upon one of the oldest nature reserves in the Baltic States dating back to 1923, this park represents a living ""open-air museum"" showcasing the geological evolution of the Baltic Sea over thousands of years. The park's most distinctive feature is the famous ""Zilie Kalni"" (Blue Hills), ancient shorelines of the Baltic Ice Lake formed 10,000 years ago that rise 20-30 meters above the current sea level, creating unique geological formations that tell the story of the region's dramatic environmental changes. The park is internationally renowned for its extraordinary birdwatching opportunities, positioned directly along major Baltic migratory flyways where up to 60,000 birds per hour have been recorded during peak migration periods, making it one of Europe's premier birding destinations with virtually all Latvian bird species observed within its boundaries. Slītere's diverse ecosystems include pristine broadleaf forests covering former coastlines, unique ""kangari-vigas"" terrain complexes of ancient dune hills alternating with narrow swampy valleys, extensive bog systems, and tens of kilometers of unspoiled white sand beaches protected by natural dune systems. The park serves as the cultural heartland of the Livonian people, one of Europe's smallest indigenous nations, with historic fishing villages like Kolka, Mazirbe, Košrags, and Pitrags preserving centuries-old traditions, customs, and the unique Livonian language that represents a crucial component of Northern European cultural heritage. Visitors can explore the park through numerous nature trails, cycling routes, and the iconic Slītere Lighthouse complex, while experiencing some of the most pristine and untouched coastal wilderness remaining in the Baltic region.",57.75,22.5833,"Slītere National Park, Kolka, Talsi Municipality, Latvia",Kolka,Latvia,true,true,true,true,4.5,https://www.latvia.travel/en/sight/slitere-national-park,Free entry to national park and most nature trails. Slītere Lighthouse visits may charge small entrance fee (typically €2-5). Parking free at designated areas near trails and lighthouse.,"National park open 24 hours daily year-round. Slītere Lighthouse and visitor center operate seasonally May-October with varying hours, typically 10:00-18:00. Nature trails accessible year-round, best visited April-October for optimal weather conditions.",Latvia's most diverse coastal national park where ancient forests meet pristine beaches and traditional Livonian culture thrives.,[],attraction,"[""+371 67800389""]",true,12028d6e-7b37-40d6-9569-66d1471ff9da,2025-07-20 13:19:45.670872+00,2025-07-20 13:19:45.670872+00,true,"[""free"",""budget""]","[""parks-nature"",""culture-history""]","[""none""]","[""free""]",[],"[""children"",""teenagers"",""adults"",""seniors"",""family-friendly""]","[""national-park"",""coastal-cliffs"",""bird-watching"",""beach"",""cultural-center""]","[{""url"":""https://unsplash.com/photos/cape-kolka-baltic-sea-meeting"",""caption"":""The dramatic meeting point of Baltic Sea and Gulf of Riga at Cape Kolka""},{""url"":""https://pixabay.com/photos/slitere-lighthouse-red-tower/"",""caption"":""The iconic red Slītere Lighthouse rising above ancient coastal forests""},{""url"":""https://pexels.com/photo/livonian-coast-fishing-village/"",""caption"":""Traditional Livonian fishing village preserving centuries-old Baltic coastal culture""}]",0101000020E6100000BEC11726539536400000000000E04C40
Gauja National Park,gauja-national-park,"Gauja National Park is Latvia's largest and oldest national park, established in 1973 and spanning an impressive 917.86 square kilometers along the ancient Gauja River Valley from northeast of Sigulda to southwest of Cēsis. This magnificent park is characterized by exceptional biological diversity, featuring nearly 900 plant species, 149 bird species, and 48 mammal species thriving within its pristine landscapes. The park's most distinctive features include spectacular Devonian sandstone outcrops, cliffs, and caves formed 350-370 million years ago, creating some of the most dramatic geological formations in the Baltic region. Among its famous caves are Gutmanala, the largest grotto in the Baltic states, and Kalejala, the longest cave, along with numerous other mysterious underground chambers like Liela Ellite and Velnala. The park encompasses over 500 cultural and historical monuments including ancient castle mounds, medieval brick castles, churches, manor houses, watermills, and windmills, making it a living museum of Latvian heritage. Notable historical sites include Turaida Castle with its stunning red brick architecture and commanding views over the Gauja Valley, the reconstructed 9th-century Araisi Lake Castle, and Ungurmuiza Manor, the only surviving wooden Baroque mansion in Latvia. The park offers an extensive network of outdoor activities with over 100 kilometers of walking trails, nearly 200 kilometers of cycling paths, and excellent opportunities for kayaking and canoeing along the pristine Gauja River. Adventure seekers can experience adrenaline-pumping activities including the Sigulda Luge and Bobsleigh Track used by Olympic medalists, bungee jumping from cable cars 43 meters above the river, and thrilling rides at adventure parks throughout the region.",57.1835,24.8493,"Gauja National Park, Vidzeme Region, Latvia",Sigulda,Latvia,true,true,true,true,4.6,https://www.latvia.travel/en/sight/gauja-national-park,"Free entry to the national park. Individual attractions within the park may charge separate admission fees - castle visits typically €2-5, adventure activities €10-50 depending on experience. Parking is generally free at most natural sites.","National park open 24 hours daily year-round. Visitor centers at Gutmanala Grotto, Zvartas Rock, and Ligatne Nature Trails operate with seasonal hours typically 9:00-18:00 May through October, reduced hours in winter. Individual attractions have varying schedules.","Latvia's largest and oldest national park featuring ancient sandstone caves, medieval castles, and pristine river valleys.",[],attraction,[],true,1ded81be-85e4-458a-8e4c-58de8dc78dc4,2025-07-20 13:19:45.670872+00,2025-07-20 13:19:45.670872+00,true,"[""free""]","[""parks-nature"",""culture-history""]","[""free""]","[""free""]","[""wheelchair-accessible"",""accessible-restrooms""]","[""children"",""teenagers"",""adults"",""seniors"",""family-friendly""]","[""national-park"",""hiking-trail"",""castle"",""ancient-ruins"",""river-walk""]","[{""url"":""https://unsplash.com/photos/gauja-river-valley-autumn"",""caption"":""The spectacular Gauja River Valley with golden autumn foliage and sandstone cliffs""},{""url"":""https://pixabay.com/photos/turaida-castle-medieval-latvia/"",""caption"":""Historic Turaida Castle overlooking the ancient Gauja Valley""},{""url"":""https://pexels.com/photo/gutmans-cave-sandstone-formation/"",""caption"":""The magnificent Gutmanala Cave, largest grotto in the Baltic states""}]",0101000020E6100000287E8CB96BD93840736891ED7C974C40
Rāzna National Park,razna-national-park,"Rāzna National Park is Latvia's newest and second-largest national park, established in 2007 to preserve the remarkable natural, cultural, historical, and scenic values surrounding Lake Rāzna and the distinctive Latgale region. Covering an impressive 59,615 hectares, this park presents a unique composition of rolling hills and pristine lakes when viewed from above, with forests, meadows, and golden agricultural fields creating a stunning mosaic landscape punctuated by mirrors of water bodies both large and small. The park's centerpiece is the magnificent Lake Rāzna, Latvia's second-largest lake by surface area at 57.56 square kilometers and the largest by water volume, earning it the beloved nickname ""Latgale Sea"" due to its impressive size and sandy beaches that rival coastal destinations. This remarkable lake contains 10 islands totaling 24.6 hectares, with the largest being Apshu Island at 9 hectares, while nearby Lake Ežezers boasts over 33 islands making it the richest island lake in the Baltic region. The park's diverse topography includes several significant elevations, most notably Lielais Liepukalns, which at 289 meters above sea level stands as the third-highest hill in Latvia and the highest in the Latgale region, crowned by Latvia's tallest wooden observation tower at 34 meters. Another prominent feature is Mākoņkalns (Cloud Hill) at 248 meters, where visitors can explore the fascinating ruins of the 13th-century Volkenberg Castle, built by the Livonian Order and representing one of the oldest crusader fortresses in the region. The park serves as a haven for diverse wildlife including rare fish species like vendace and European whitefish, while its varied ecosystems support natural deciduous forests, semi-natural grasslands, and numerous rare plant and animal species protected under European conservation guidelines.",56.1167,27.4667,"Rāzna National Park, Latgale Region, Latvia",Rēzekne,Latvia,true,true,true,true,4.3,https://www.latvia.travel/en/sight/razna-national-park,Free entry to the national park and most nature trails. Observation tower access is free. Some guided tours and boat rentals may charge fees. Fishing permits required for angling in Lake Rāzna.,"National park open 24 hours daily year-round. Visitor centers and observation tower typically open 9:00-18:00 during summer season (May-September), reduced hours or appointment-only in winter. Boat rentals and guided activities operate seasonally.","Latvia's second-largest national park centered around the magnificent ""Latgale Sea"" with pristine lakes and ancient castle ruins.",[],attraction,"[""+371 64667000""]",true,128dedb3-b9fc-41a3-b354-22b3f3f72944,2025-07-20 13:19:45.670872+00,2025-07-20 13:19:45.670872+00,true,"[""free"",""budget""]","[""parks-nature"",""culture-history""]","[""none""]","[""free""]","[""wheelchair-accessible""]","[""children"",""teenagers"",""adults"",""seniors"",""family-friendly""]","[""national-park"",""lake"",""hiking-trail"",""castle"",""scenic-viewpoint""]","[{""url"":""https://unsplash.com/photos/lake-razna-latgale-sea"",""caption"":""The expansive Lake Rāzna, known as the Latgale Sea, with its pristine waters and sandy shores""},{""url"":""https://pixabay.com/photos/razna-national-park-hills-lakes/"",""caption"":""Rolling hills and mirror-like lakes creating the unique landscape mosaic of Rāzna National Park""},{""url"":""https://pexels.com/photo/wooden-observation-tower-latvian-forest/"",""caption"":""Latvia's highest wooden observation tower on Lielais Liepukalns offering panoramic views""}]",0101000020E61000000F0BB5A679773B40BBB88D06F00E4C40
Korneti Watchtower,korneti-watchtower,"The Korneti Watchtower stands 27 meters tall in a pristine natural setting within Korneti Pelli nature reserve, located in the valley of a subglacial estuary near the Estonian border in the Veclaicene parish. This striking observation tower was designed by the acclaimed Latvian architectural bureau BM Projekts, known for their expertise in working with diverse landscapes and creating structures that harmonize with their natural surroundings. The tower's design is particularly noteworthy, featuring a metal structure elegantly framed by wooden rails that incorporate traditional Latvian folk ornament patterns, creating a beautiful fusion of contemporary engineering and cultural heritage. From the tower's viewing platform, visitors are treated to breathtaking panoramic views of the Alūksne and Haanja Highlands, and on exceptionally clear days, it's possible to see the Suur-Munamägi tower across the border in Estonia, which marks the highest point in the Baltic States. The tower is situated on Dzerves Hill and provides access to spectacular vistas across this border region where Latvia meets Estonia, showcasing the rolling hills, forests, and agricultural landscapes that characterize this northern corner of Vidzeme. The surrounding area offers excellent opportunities for hiking and nature observation, with the tower serving as a perfect vantage point for exploring this relatively undiscovered region of Latvia.",57.5429,27.0833,"Korneti, Veclaicenes pagasts, LV-4335, Latvia",Alūksne,Latvia,false,true,true,true,4.1,http://visitaluksne.lv/eng/?page_id=4938,Free admission to tower and viewing platform. No entrance fees required.,Open 24 hours daily year-round. Best visibility during clear weather conditions. Spring offers beautiful landscapes and excellent birdwatching opportunities along the nature trail leading to the tower.,A 27-meter tower near the Estonian border offering panoramic views across Latvia's northern highlands.,[],attraction,"[""+371 25442335""]",false,67dbb580-259b-492a-8ff6-a1d64d612f48,2025-07-20 13:14:20.827104+00,2025-07-20 13:14:20.827104+00,true,"[""free""]","[""parks-nature"",""culture-history""]","[""none""]","[""nearby""]",[],"[""children"",""teenagers"",""adults"",""seniors"",""family-friendly""]","[""watchtower"",""nature-reserve"",""scenic-viewpoint""]","[{""url"":""https://unsplash.com/photos/wooden-metal-tower-forest"",""caption"":""Korneti Watchtower featuring traditional Latvian folk ornament patterns""},{""url"":""https://pixabay.com/photos/estonian-border-observation-tower/"",""caption"":""Views toward Estonia and the Haanja Highlands from the 27-meter platform""},{""url"":""https://pexels.com/photo/nature-reserve-watchtower/"",""caption"":""The tower situated in pristine Korneti Pelli nature reserve""}]",0101000020E6100000BEC1172653153B40CC7F48BF7DC54C40
Lielie Kangari Observation Tower,lielie-kangari-observation-tower,"The Lielie Kangari Observation Tower is an impressive 33-meter-tall metal structure that became operational at the end of 2019, earning recognition as the second tallest metal observation tower in Latvia. Located in the scenic surroundings near Lake Kangari and the expansive Great Kangari Swamp, this modern tower provides visitors with spectacular views over one of Latvia's most pristine wetland ecosystems. The tower's strategic positioning offers panoramic vistas across the diverse landscape of lakes, bogs, and forests that characterize this protected natural area, making it an ideal destination for nature enthusiasts, birdwatchers, and photography lovers. The Great Kangari Swamp represents one of Latvia's most important wetland habitats, supporting diverse wildlife populations and serving as a crucial stopover point for migratory birds. From the tower's viewing platform, visitors can observe the intricate patterns of bog vegetation, the mirror-like surface of Lake Kangari, and the surrounding forest landscapes that create a tapestry of natural beauty throughout the changing seasons. The tower's modern metal construction ensures stability and durability while providing unobstructed views through carefully designed viewing panels that protect visitors from wind while maintaining clear sightlines across the landscape.",56.7833,24.8167,"Lielie Kangari, Kangaru pagasts, LV-5001, Latvia",Rēzekne,Latvia,false,true,true,true,4,,Free admission to tower and observation platform. No fees required for access.,Open 24 hours daily year-round. Best visited during daylight hours for optimal viewing conditions. Spring and autumn months offer excellent birdwatching opportunities during migration seasons.,Latvia's second tallest metal observation tower offering pristine wetland views over Great Kangari Swamp.,[],attraction,[],false,41df9079-352d-40e4-b373-0089b651b496,2025-07-20 13:14:20.827104+00,2025-07-20 13:14:20.827104+00,true,"[""free""]","[""parks-nature""]","[""none""]","[""nearby""]",[],"[""children"",""teenagers"",""adults"",""seniors"",""family-friendly""]","[""watchtower"",""bird-watching"",""scenic-viewpoint""]","[{""url"":""https://unsplash.com/photos/metal-observation-tower-wetlands"",""caption"":""The 33-meter Lielie Kangari tower overlooking pristine swampland""},{""url"":""https://pixabay.com/photos/bog-landscape-observation-deck/"",""caption"":""Panoramic view across Great Kangari Swamp from the tower platform""},{""url"":""https://pexels.com/photo/lake-kangari-reflection-nature/"",""caption"":""Lake Kangari and surrounding wetland ecosystem viewed from above""}]",0101000020E6100000A9A44E4013D13840787AA52C43644C40
Ķemeri Water Tower,kemeri-water-tower,"The Ķemeri Water Tower is a remarkable 42-meter-tall architectural monument built in 1929 by architect Fridrihs Skujins, representing Latvia's industrial heritage and serving as the only water tower in the country that combines its original water supply function with public tourism use. Located in the historic Ķemeri Resort Park in Jūrmala, this elegant classical structure originally housed both mineral water and drinking water reservoirs, but today maintains only a 300-cubic-meter drinking water reservoir while offering spectacular panoramic views from its observation platforms. The tower was a popular tourist attraction from 1930 until 1941, when it ceased public access until its recent restoration in 2021. The building features both a third-floor viewing platform and a rooftop observation deck at the full 42-meter height, accessible via narrow and steep historical stairs with 192 steps total. From the observation decks, visitors can enjoy sweeping views across Ķemeri National Park, known for its importance as a site for migratory birds and home to unusual plants and animals including lynx and wolves. The tower also houses a tourist information center and an exhibition about the history of Ķemeri resort development, showcasing the area's transformation from a simple spa destination to one of Latvia's premier health resorts during the interwar period.",56.9475,23.5161,"Tukuma iela 32, Ķemeri, Jūrmala, LV-2012, Latvia",Jūrmala,Latvia,false,true,false,true,4.5,https://www.visitjurmala.lv/en/see-and-do/tourism-attractions/art-and-culture/kemeri-water-tower/,Free admission to all areas including rooftop observation platform. Advance booking required for rooftop access due to limited capacity and safety requirements.,Open daily 10:00-18:00 from May through October. Winter access by appointment only. Rooftop platform visits must be booked in advance through website or phone +371 29126551. Children under 14 must be accompanied by adults. Maximum 10 minutes allowed on rooftop platform.,Latvia's tallest water tower offering panoramic views from 42 meters above Ķemeri National Park.,[],attraction,"[""+371 29126551""]",true,46ec1520-954c-402c-8c1e-8cb02a34dfd8,2025-07-20 13:14:20.827104+00,2025-07-20 13:14:20.827104+00,true,"[""free""]","[""culture-history"",""parks-nature""]","[""free""]","[""free""]","[""wheelchair-accessible""]","[""children"",""teenagers"",""adults"",""seniors"",""family-friendly""]","[""watchtower"",""historic-site"",""monument""]","[{""url"":""https://unsplash.com/photos/historic-water-tower-observation-deck"",""caption"":""The elegant 42-meter Ķemeri Water Tower with its classical architecture""},{""url"":""https://pixabay.com/photos/water-tower-observation-platform/"",""caption"":""Panoramic view from the rooftop observation deck over Ķemeri National Park""},{""url"":""https://pexels.com/photo/latvia-kemeri-resort-park/"",""caption"":""The historic water tower situated in the beautiful Ķemeri Resort Park""}]",0101000020E610000032772D211F843740E17A14AE47794C40
Dzintaru Forest Park Watchtower,dzintaru-forest-park-watchtower,"The Dzintaru Forest Park Watchtower is a stunning 33.5-meter-tall modern observation tower located in the heart of Jūrmala's Dzintari Forest Park, designed by renowned Latvian architect Arnis Kleinberg and opened to the public in 2010. This architectural masterpiece has been recognized as one of the most beautiful watchtowers in the world due to its contemporary design that seamlessly blends with the surrounding 200-year-old pine forest while maintaining a distinctly modern aesthetic. The tower features a unique enclosed steel cage structure that provides screened views of the encompassing nature reserve and reaches over the treetops with its large viewing platform positioned at 33.5 meters height. Throughout its entire height, the tower offers 12 additional viewing balconies at various levels, each providing panoramic views in all directions and accommodating different visitor preferences and physical abilities. From the main observation deck, visitors can catch glimpses of the Baltic Sea in the distance, the Riga skyline when looking in the right direction, and expansive views over the pine forest canopy. The tower is situated within the larger Dzintari Forest Park complex, which features elevated wooden walkways, children's playgrounds, sports facilities, and other modern architectural elements that complement the tower's contemporary design while respecting the natural environment.",56.9739,23.7997,"Dzintaru Forest Park, Jūrmala, LV-2015, Latvia",Jūrmala,Latvia,true,true,false,true,4.2,https://www.visitjurmala.lv/en/see-and-do/for-children/dzintari-forest-park-viewing-tower/,Free admission to tower and all viewing platforms. No advance booking required.,Open daily 09:00-22:00 year-round. Park facilities available 24 hours. Winter access may be limited during severe weather conditions. All platforms accessible during opening hours.,A contemporary 33.5-meter tower offering breathtaking forest canopy and sea views through innovative architectural design.,[],attraction,[],false,b7c5693a-00cd-4241-9498-205d2b42f35b,2025-07-20 13:14:20.827104+00,2025-07-20 13:14:20.827104+00,true,"[""free""]","[""parks-nature"",""unique-niche""]","[""free""]","[""free""]",[],"[""children"",""teenagers"",""adults"",""seniors"",""family-friendly""]","[""watchtower"",""scenic-viewpoint"",""pine-forest""]","[{""url"":""https://unsplash.com/photos/modern-observation-tower-forest"",""caption"":""The striking contemporary design of Dzintaru Forest Park Watchtower rising above pine trees""},{""url"":""https://pixabay.com/photos/wooden-walkways-forest-tower/"",""caption"":""Elevated walkways leading to the observation tower through the ancient pine forest""},{""url"":""https://pexels.com/photo/tower-viewing-platform-balconies/"",""caption"":""Multiple viewing balconies offering panoramic forest and sea views""}]",0101000020E6100000789CA223B9CC374086C954C1A87C4C40
Alūksne Watchtower,aluksne-watchtower,"The Alūksne Watchtower stands majestically at 37.8 meters tall on Temple Hill, making it one of the highest observation towers in Latvia and offering commanding views over the historic town of Alūksne and its surrounding lake landscape. Located next to the Temple Hill Park, this tower provides visitors with spectacular panoramic vistas across Lake Alūksne, the town center, and the picturesque Vidzeme highlands that stretch toward the Estonian border. Temple Hill itself holds great historical significance as an ancient Latgalian castle mound and the highest point in Alūksne, featuring the granite Temple of Fame rotunda built in 1807 to commemorate the Great Northern War events. The watchtower is accessed via a climb of 153 steps, rewarding visitors with unparalleled views that extend across the diverse landscape of northern Latvia. From the observation platform, guests can see the romantic Castle Island with its Livonian Order ruins connected by a walking bridge, the historic narrow-gauge railway station, and the vast forests and lakes that characterize this region of Latvia. The tower operates seasonally and provides interpretive information about local landmarks visible from the viewing platform, making it an excellent starting point for exploring Alūksne's rich cultural and natural heritage.",57.4275,27.0486,"Temple Hill, Tempļa iela, Alūksne, LV-4301, Latvia",Alūksne,Latvia,false,true,false,false,4.3,http://www.visitaluksne.lv,Small entrance fee required during summer season. Exact pricing varies by season - contact local tourism office for current rates.,"Open during summer season typically May through September, hours vary by month. Generally open 10:00-18:00 in peak summer months. Winter access limited due to weather conditions. Advance contact recommended to confirm availability.",One of Latvia's highest watchtowers providing spectacular views over Alūksne town and lake from historic Temple Hill.,[],attraction,"[""+371 25442335""]",true,674a7a57-8cce-4075-8172-0df6684407b2,2025-07-20 13:14:20.827104+00,2025-07-20 13:14:20.827104+00,true,"[""budget""]","[""culture-history"",""parks-nature""]","[""none""]","[""nearby""]",[],"[""children"",""teenagers"",""adults"",""seniors"",""family-friendly""]","[""watchtower"",""historic-site"",""scenic-viewpoint""]","[{""url"":""https://unsplash.com/photos/lake-observation-tower-views"",""caption"":""Panoramic view from Alūksne Watchtower over the historic town and lake""},{""url"":""https://pixabay.com/photos/temple-hill-castle-mound-latvia/"",""caption"":""The watchtower positioned on ancient Temple Hill with Temple of Fame""},{""url"":""https://pexels.com/photo/latvian-countryside-tower-view/"",""caption"":""Sweeping views across Vidzeme highlands from the 37.8-meter observation deck""}]",0101000020E6100000EA95B20C710C3B401F85EB51B8B64C40
Līvu Akvaparks,livu-akvaparks,"Līvu Akvaparks is the largest indoor multifunctional water park in the Baltic States and one of the biggest in Eastern Europe, spanning 18,000 square meters. Located in the resort town of Jūrmala by the river Lielupe, this premier aquatic attraction opened on December 30, 2003, after two years of construction costing €16 million. The complex features more than 40 water attractions including over 20 thrilling water slides, 10 swimming pools with a spectacular wave pool, children's play areas, artificial streams, and unique attractions like the Water Skeleton - the only head-first descent slide in the Baltics. The facility is divided into four distinct zones: active entertainment with high-speed slides, family recreation areas, a luxurious SPA complex with saunas and wellness treatments, and an outdoor summer beach area that opens seasonally. The SPA section offers four different saunas, contrast treatments, water and air jet massage, foot baths, salt rooms, infrared treatment, and oxygen baths. Dining options include the Zambezy bistro for hearty meals and a floating bar in the SPA complex where guests can enjoy drinks while relaxing in pools. During summer, an outdoor café with a spacious terrace opens along the riverbank. The water park maintains year-round operation with indoor pools heated to a comfortable 29°C, making it a popular destination for families and tourists throughout all seasons.",56.9686,23.7794,"Viestura iela 24, Jūrmala, LV-2010, Latvia",Jūrmala,Latvia,false,true,false,false,4.1,https://www.akvaparks.lv/,"Ticket prices vary by duration and season. 4-hour tickets for adults range from approximately €25-35, children (6-13 years) €20-28, seniors (65+) receive discounts. 3-hour short-time tickets available. Children under 6 enter free with paying adult. Family tickets available for 2 adults + children with special rates. Groups of 20+ receive 10% discount on 4-hour tickets. Summer beach access included with indoor tickets when open. Parking costs €1 for entire visit duration. Bar and restaurant services sold separately.","Open daily during summer season. Winter schedule: Closed Mondays and Tuesdays, Wednesday-Friday 12:00-21:00, Saturday-Sunday and holidays 11:00-21:00. Summer outdoor area typically opens May-September weather permitting. Opening hours may vary during holidays and special events. Children under 13 must be accompanied by adults. Advance booking recommended especially on weekends and school holidays as popular sessions often sell out.",The largest water park in Northern Europe featuring over 40 aquatic attractions and year-round indoor swimming.,[],attraction,"[""+371 67755636""]",true,187018b7-d36f-4458-9bb4-ce6f4a78e2d7,2025-07-20 13:09:06.319811+00,2025-07-20 13:09:06.319811+00,true,"[""moderate"",""expensive""]","[""amusement-theme-parks"",""wellness-relaxation""]","[""paid""]","[""paid""]","[""wheelchair-accessible""]","[""children"",""teenagers"",""adults"",""seniors"",""family-friendly""]","[""waterpark"",""spa"",""swimming-pool""]","[{""url"":""https://unsplash.com/photos/water-slides-aqua-park"",""caption"":""Colorful water slides and pool area at an indoor aqua park""},{""url"":""https://pixabay.com/photos/water-park-slides-family-fun/"",""caption"":""Family enjoying water attractions and swimming pools""},{""url"":""https://pexels.com/photo/indoor-swimming-pool-spa/"",""caption"":""Modern spa and wellness area with heated pools""}]",0101000020E61000009D8026C286C73740EB73B515FB7B4C40
Latvian National Opera and Ballet,latvian-national-opera-and-ballet,"The Latvian National Opera and Ballet (LNOB) is an internationally renowned opera house and performing arts center located in a magnificent neoclassical building at Aspazijas boulevard in Riga. Originally constructed as the Riga German Theatre in 1863 by architect Ludwig Bohnstedt, this iconic white building has a rich cultural heritage spanning over 160 years. The venue is famous for being the workplace of Richard Wagner, who served as Kapellmeister from 1837 to 1839. The opera house features four distinct performance spaces: the Great Hall with 946 seats, the New Hall with 300 seats, the Dress Circle Hall with 170 seats, and the Red Hall with 100 seats. During the season running from September to May, LNOB presents nearly 200 performances annually, including an average of six new productions balancing opera and ballet genres. The theater underwent extensive reconstruction from 1990-1995 and again in 2001 when modern annexes were added. Notable ballet dancers who have graced its stage include Mikhail Baryshnikov, Maris Liepa, and Alexander Godunov, bringing international fame to Latvian performing arts. The building is strategically located on the bank of the Riga Canal near the Freedom Monument, surrounded by beautiful gardens that enhance its architectural splendor. LNOB employs approximately 600 people and maintains its status as one of the most important cultural institutions in the Baltic region, regularly participating in international tours and festivals.",56.9493,24.1144,"Aspazijas bulvāris 3, Riga, LV-1050, Latvia",Riga,Latvia,false,true,false,false,4.5,https://www.opera.lv/,"Ticket prices vary by performance and seating: budget seats from €5-15, standard seats €15-45, premium seats €45-75. Special discounts available for students, pensioners, and groups of 10 or more. Children under 7 are only allowed at special family-friendly performances. An entrance ticket is required for each spectator regardless of age.","Box Office Hours: Monday CLOSED, Tuesday-Saturday 11:00-19:00, Sunday 11:00-18:00. Performance season runs from mid-September to end of May. Box office closes for summer break from June 21 to August 4, but tickets remain available online. Performance times vary - typically evening performances start at 19:00, matinee performances at 15:00. Advance ticket purchase recommended as popular performances often sell out.",Latvia's premier opera house presenting world-class opera and ballet in a magnificent neoclassical setting.,[],attraction,"[""+371 67073777"",""+371 67073715""]",true,cab99fc9-ac54-4053-8e80-06989b2183eb,2025-07-20 13:04:01.34282+00,2025-07-20 13:04:01.34282+00,true,"[""budget"",""moderate""]","[""arts-live-entertainment"",""culture-history""]","[""paid""]","[""nearby""]","[""wheelchair-accessible""]","[""children"",""teenagers"",""adults"",""seniors"",""family-friendly""]","[""theater"",""opera"",""ballet"",""concert"",""live-music""]","[{""url"":""https://unsplash.com/photos/opera-house-neoclassical-architecture"",""caption"":""The magnificent neoclassical facade of the Latvian National Opera and Ballet""},{""url"":""https://pixabay.com/photos/riga-opera-house-latvia-architecture/"",""caption"":""Interior view of the Great Hall showing the ornate golden details and red velvet seating""},{""url"":""https://pexels.com/photo/latvian-opera-canal-riga/"",""caption"":""The opera house situated on the Riga Canal with surrounding gardens and fountain""}]",0101000020E610000093A98251491D3840E10B93A982794C40